antecedents,consequents,antecedent support,consequent support,support,confidence,lift,representativity,leverage,conviction,zhangs_metric,jaccard,certainty,kulczynski
"RACACOR_4.0, PESO_2.0, APGAR5_3.0, QTDFILMORT_0.0",PARTO_2.0,0.6399722549667922,1.0,0.6399722549667922,1.0,1.0,1.0,0.0,inf,0.0,0.6399722549667922,0.0,0.8199861274833962
"CODOCUPMAE_1.0, RACACOR_4.0, PESO_2.0, APGAR5_3.0",PARTO_2.0,0.6278966964722118,1.0,0.6278966964722118,1.0,1.0,1.0,0.0,inf,0.0,0.6278966964722119,0.0,0.8139483482361058
"RACACOR_4.0, PESO_2.0, APGAR5_3.0, MESPRENAT_1.0",PARTO_2.0,0.6621682815330209,1.0,0.6621682815330209,1.0,1.0,1.0,0.0,inf,0.0,0.662168281533021,0.0,0.8310841407665104
"CODOCUPMAE_1.0, RACACOR_4.0, APGAR5_3.0, MESPRENAT_1.0",PARTO_2.0,0.6154258071935828,1.0,0.6154258071935828,1.0,1.0,1.0,0.0,inf,0.0,0.6154258071935828,0.0,0.8077129035967914
"CODOCUPMAE_1.0, GESTACAO_3.0, RACACOR_4.0, APGAR5_3.0",PARTO_2.0,0.6379488801357063,1.0,0.6379488801357063,1.0,1.0,1.0,0.0,inf,0.0,0.6379488801357063,0.0,0.8189744400678531
"GESTACAO_3.0, PESO_2.0, APGAR5_3.0, MESPRENAT_1.0",PARTO_2.0,0.6077276386532877,1.0,0.6077276386532877,1.0,1.0,1.0,0.0,inf,0.0,0.6077276386532877,0.0,0.8038638193266439
"RACACOR_4.0, ESTCIVMAE_1.0, APGAR5_3.0",PARTO_2.0,0.6726301716454386,1.0,0.6726301716454386,1.0,1.0,1.0,0.0,inf,0.0,0.6726301716454386,0.0,0.8363150858227193
"CODOCUPMAE_1.0, RACACOR_4.0, APGAR5_3.0",PARTO_2.0,0.746779851068112,1.0,0.746779851068112,1.0,1.0,1.0,0.0,inf,0.0,0.746779851068112,0.0,0.873389925534056
"ESTCIVMAE_1.0, APGAR5_3.0",PARTO_2.0,0.6848890198671689,1.0,0.6848890198671689,1.0,1.0,1.0,0.0,inf,0.0,0.6848890198671689,0.0,0.8424445099335844
"GESTACAO_3.0, PESO_2.0, MESPRENAT_1.0",PARTO_2.0,0.615375492366522,1.0,0.615375492366522,1.0,1.0,1.0,0.0,inf,0.0,0.615375492366522,0.0,0.807687746183261
"CODOCUPMAE_1.0, RACACOR_4.0, PESO_2.0",PARTO_2.0,0.6369138322647423,1.0,0.6369138322647423,1.0,1.0,1.0,0.0,inf,0.0,0.6369138322647423,0.0,0.8184569161323711
"CODOCUPMAE_1.0, RACACOR_4.0, GESTACAO_3.0",PARTO_2.0,0.6467144417929329,1.0,0.6467144417929329,1.0,1.0,1.0,0.0,inf,0.0,0.6467144417929329,0.0,0.8233572208964665
"RACACOR_4.0, PESO_2.0, QTDFILMORT_0.0",PARTO_2.0,0.6490972082458814,1.0,0.6490972082458814,1.0,1.0,1.0,0.0,inf,0.0,0.6490972082458815,0.0,0.8245486041229406
"CODOCUPMAE_1.0, RACACOR_4.0, MESPRENAT_1.0",PARTO_2.0,0.6281195192777665,1.0,0.6281195192777665,1.0,1.0,1.0,0.0,inf,0.0,0.6281195192777667,0.0,0.8140597596388832
"RACACOR_4.0, PESO_2.0, MESPRENAT_1.0",PARTO_2.0,0.6714909002041345,1.0,0.6714909002041345,1.0,1.0,1.0,0.0,inf,0.0,0.6714909002041345,0.0,0.8357454501020672
"CODOCUPMAE_1.0, APGAR5_3.0, MESPRENAT_1.0",PARTO_2.0,0.6240368304534085,1.0,0.6240368304534085,1.0,1.0,1.0,0.0,inf,0.0,0.6240368304534085,0.0,0.8120184152267043
"CONSULTAS_4.0, APGAR5_3.0, PESO_2.0",PARTO_2.0,0.6127699031080187,1.0,0.6127699031080187,1.0,1.0,1.0,0.0,inf,0.0,0.6127699031080187,0.0,0.8063849515540094
"CONSULTAS_4.0, APGAR5_3.0, MESPRENAT_1.0",PARTO_2.0,0.6382903021764756,1.0,0.6382903021764756,1.0,1.0,1.0,0.0,inf,0.0,0.6382903021764756,0.0,0.8191451510882378
"CODOCUPMAE_1.0, GESTACAO_3.0, APGAR5_3.0",PARTO_2.0,0.6472175900635404,1.0,0.6472175900635404,1.0,1.0,1.0,0.0,inf,0.0,0.6472175900635404,0.0,0.8236087950317702
"PESO_2.0, APGAR5_3.0, MESPRENAT_1.0",PARTO_2.0,0.672281561772232,1.0,0.672281561772232,1.0,1.0,1.0,0.0,inf,0.0,0.672281561772232,0.0,0.836140780886116
"RACACOR_4.0, PESO_2.0, APGAR5_3.0",PARTO_2.0,0.8123256950633967,1.0,0.8123256950633967,1.0,1.0,1.0,0.0,inf,0.0,0.8123256950633968,0.0,0.9061628475316984
"CODOCUPMAE_1.0, PESO_2.0, APGAR5_3.0",PARTO_2.0,0.6372157212271068,1.0,0.6372157212271068,1.0,1.0,1.0,0.0,inf,0.0,0.6372157212271068,0.0,0.8186078606135534
"PESO_2.0, APGAR5_3.0, QTDFILMORT_0.0",PARTO_2.0,0.6510307351715017,1.0,0.6510307351715017,1.0,1.0,1.0,0.0,inf,0.0,0.6510307351715017,0.0,0.8255153675857508
"CODOCUPMAE_1.0, APGAR5_3.0",PARTO_2.0,0.757956930508036,1.0,0.757956930508036,1.0,1.0,1.0,0.0,inf,0.0,0.757956930508036,0.0,0.878978465254018
"PESO_2.0, QTDFILMORT_0.0",PARTO_2.0,0.6603317903453034,1.0,0.6603317903453034,1.0,1.0,1.0,0.0,inf,0.0,0.6603317903453034,0.0,0.8301658951726517
"GESTACAO_3.0, CONSULTAS_4.0, APGAR5_3.0",PARTO_2.0,0.6250503148270607,1.0,0.6250503148270607,1.0,1.0,1.0,0.0,inf,0.0,0.6250503148270607,0.0,0.8125251574135304
"RACACOR_4.0, APGAR5_3.0, QTDFILMORT_0.0, MESPRENAT_1.0",PARTO_2.0,0.6112209252177914,1.0,0.6112209252177914,1.0,1.0,1.0,0.0,inf,0.0,0.6112209252177914,0.0,0.8056104626088957
"RACACOR_4.0, QTDFILMORT_0.0",PARTO_2.0,0.7695329346482275,1.0,0.7695329346482275,1.0,1.0,1.0,0.0,inf,0.0,0.7695329346482275,0.0,0.8847664673241138
"CODOCUPMAE_1.0, RACACOR_4.0",PARTO_2.0,0.7626721485868722,1.0,0.7626721485868722,1.0,1.0,1.0,0.0,inf,0.0,0.7626721485868722,0.0,0.8813360742934361
"GESTACAO_3.0, PESO_2.0, APGAR5_3.0",PARTO_2.0,0.7433728184928553,1.0,0.7433728184928553,1.0,1.0,1.0,0.0,inf,0.0,0.7433728184928554,0.0,0.8716864092464276
"QTDFILMORT_0.0, MESPRENAT_1.0",PARTO_2.0,0.6332911647163681,1.0,0.6332911647163681,1.0,1.0,1.0,0.0,inf,0.0,0.6332911647163681,0.0,0.8166455823581841
"CODOCUPMAE_1.0, PESO_2.0",PARTO_2.0,0.6463945832494753,1.0,0.6463945832494753,1.0,1.0,1.0,0.0,inf,0.0,0.6463945832494753,0.0,0.8231972916247376
"CODOCUPMAE_1.0, MESPRENAT_1.0",PARTO_2.0,0.6369102383485237,1.0,0.6369102383485237,1.0,1.0,1.0,0.0,inf,0.0,0.6369102383485237,0.0,0.8184551191742618
"RACACOR_4.0, MESPRENAT_1.0",PARTO_2.0,0.7993983784250022,1.0,0.7993983784250022,1.0,1.0,1.0,0.0,inf,0.0,0.7993983784250023,0.0,0.899699189212501
"RACACOR_4.0, ESTCIVMAE_1.0",PARTO_2.0,0.6878180615853483,1.0,0.6878180615853483,1.0,1.0,1.0,0.0,inf,0.0,0.6878180615853483,0.0,0.8439090307926742
"GESTACAO_3.0, PESO_2.0, PARTO_2.0, MESPRENAT_1.0",APGAR5_3.0,0.615375492366522,0.9788498030533912,0.6077276386532877,0.9875720534728752,1.0089107137706683,1.0,0.0053674591464339,1.7018255510230118,0.0229626923002846,0.6160456991303904,0.4123957068344203,0.8042154903566796
"GESTACAO_3.0, RACACOR_4.0, PESO_2.0",APGAR5_3.0,0.7409469250452834,0.9788498030533912,0.7315021132227365,0.9872530521373448,1.0085848197116052,1.0,0.006226361569145,1.6592361696695004,0.032857158294771,0.7401660417977315,0.3973130418202082,0.8672804364750051
"GESTACAO_3.0, PESO_2.0, PARTO_2.0",APGAR5_3.0,0.752990138293896,0.9788498030533912,0.7433728184928553,0.9872278276806766,1.0085590502252249,1.0,0.0063085699227293,1.6559592540581436,0.0343565820328608,0.752046073465945,0.3961204072205461,0.8733314231936646
"GESTACAO_3.0, RACACOR_4.0, CONSULTAS_4.0, PARTO_2.0",APGAR5_3.0,0.6243135620022426,0.9788498030533912,0.616180529599494,0.986972840415856,1.0082985534012736,1.0,0.0050713223900376,1.623546315679708,0.0219072432882451,0.624307239664125,0.3840643840324668,0.8082336509257567
"GESTACAO_3.0, RACACOR_4.0, CONSULTAS_4.0","PARTO_2.0, APGAR5_3.0",0.6243135620022426,0.9788498030533912,0.616180529599494,0.986972840415856,1.0082985534012736,1.0,0.0050713223900376,1.623546315679708,0.0219072432882451,0.624307239664125,0.3840643840324668,0.8082336509257567
"GESTACAO_3.0, CONSULTAS_4.0, PARTO_2.0",APGAR5_3.0,0.6333378856272103,0.9788498030533912,0.6250503148270607,0.9869144559511988,1.0082389074122005,1.0,0.0051076502146147,1.6163024531292876,0.0222864107859777,0.6331948636358672,0.3813039149548266,0.8127351768893651
"GESTACAO_3.0, CONSULTAS_4.0","PARTO_2.0, APGAR5_3.0",0.6333378856272103,0.9788498030533912,0.6250503148270607,0.9869144559511988,1.0082389074122005,1.0,0.0051076502146147,1.6163024531292876,0.0222864107859777,0.6331948636358672,0.3813039149548266,0.8127351768893651
"RACACOR_4.0, PESO_2.0, CONSULTAS_4.0","PARTO_2.0, APGAR5_3.0",0.6121014346913545,0.9788498030533912,0.6040079353670107,0.9867775194344628,1.008099012081672,1.0,0.0048525665706802,1.5995634738714912,0.0207114585668719,0.6119986162445605,0.3748294354461235,0.8019181855202957
"CONSULTAS_4.0, PARTO_2.0, PESO_2.0",APGAR5_3.0,0.6210143469135447,0.9788498030533912,0.6127699031080187,0.98672422972754,1.0080445709337484,1.0,0.004890131938365,1.5931427339085429,0.0210571883078131,0.6207815566324543,0.3723098510158934,0.8063671853028531
"CONSULTAS_4.0, PESO_2.0","PARTO_2.0, APGAR5_3.0",0.6210143469135447,0.9788498030533912,0.6127699031080187,0.98672422972754,1.0080445709337484,1.0,0.004890131938365,1.5931427339085429,0.0210571883078131,0.6207815566324543,0.3723098510158934,0.8063671853028531
"GESTACAO_3.0, RACACOR_4.0, PARTO_2.0, MESPRENAT_1.0",APGAR5_3.0,0.6799366033179034,0.9788498030533912,0.6707972743739398,0.986558557225238,1.007875318713658,1.0,0.0052414641274182,1.573506453215049,0.0244132342706406,0.6789520781649001,0.3644767087184411,0.8359249389996759
"GESTACAO_3.0, RACACOR_4.0, MESPRENAT_1.0","PARTO_2.0, APGAR5_3.0",0.6799366033179034,0.9788498030533912,0.6707972743739398,0.986558557225238,1.007875318713658,1.0,0.0052414641274182,1.573506453215049,0.0244132342706406,0.6789520781649001,0.3644767087184411,0.8359249389996759
"GESTACAO_3.0, PARTO_2.0, MESPRENAT_1.0",APGAR5_3.0,0.6901612949598919,0.9788498030533912,0.6808566458698715,0.9865181528463414,1.0078340413095348,1.0,0.0052923982233078,1.5687907380606352,0.025087718335238,0.6890184468561786,0.3625663539828031,0.8410430999505956
"GESTACAO_3.0, MESPRENAT_1.0",APGAR5_3.0,0.6901612949598919,0.9788498030533912,0.6808566458698715,0.9865181528463414,1.0078340413095348,1.0,0.0052923982233078,1.5687907380606352,0.025087718335238,0.6890184468561786,0.3625663539828031,0.8410430999505956
"CODOCUPMAE_1.0, GESTACAO_3.0, RACACOR_4.0, PARTO_2.0",APGAR5_3.0,0.6467144417929329,0.9788498030533912,0.6379488801357063,0.9864460091026802,1.007760338742056,1.0,0.00491257615491,1.56044054528553,0.0217970405432202,0.6459487194416343,0.3591553340361201,0.819089587016653
"CODOCUPMAE_1.0, RACACOR_4.0, GESTACAO_3.0",APGAR5_3.0,0.6467144417929329,0.9788498030533912,0.6379488801357063,0.9864460091026802,1.007760338742056,1.0,0.00491257615491,1.56044054528553,0.0217970405432202,0.6459487194416343,0.3591553340361201,0.819089587016653
"CODOCUPMAE_1.0, GESTACAO_3.0, PARTO_2.0",APGAR5_3.0,0.6561376901181679,0.9788498030533912,0.6472175900635404,0.9864051399744754,1.0077185865466962,1.0,0.0049573413154647,1.5557495190755155,0.022274806145061,0.6552311302734268,0.3572230055425393,0.8238036428201849
"CODOCUPMAE_1.0, GESTACAO_3.0","PARTO_2.0, APGAR5_3.0",0.6561376901181679,0.9788498030533912,0.6472175900635404,0.9864051399744754,1.0077185865466962,1.0,0.0049573413154647,1.5557495190755155,0.022274806145061,0.6552311302734268,0.3572230055425393,0.8238036428201849
"GESTACAO_3.0, RACACOR_4.0, PARTO_2.0, QTDFILMORT_0.0",APGAR5_3.0,0.6548223167821512,0.9788498030533912,0.6458842471464306,0.9863503894008332,1.0076626529668238,1.0,0.0049115513292564,1.5495091814487252,0.0220303443325571,0.6538693832999819,0.3546343500429971,0.8230951911757087
"GESTACAO_3.0, RACACOR_4.0, QTDFILMORT_0.0",APGAR5_3.0,0.6548223167821512,0.9788498030533912,0.6458842471464306,0.9863503894008332,1.0076626529668238,1.0,0.0049115513292564,1.5495091814487252,0.0220303443325571,0.6538693832999819,0.3546343500429971,0.8230951911757087
"GESTACAO_3.0, PARTO_2.0, QTDFILMORT_0.0",APGAR5_3.0,0.665762197751646,0.9788498030533912,0.6566444323049941,0.9863047714672842,1.0076160493577648,1.0,0.0049632361554025,1.5443478651038411,0.0226140894984123,0.6646416878865041,0.3524774938366878,0.8285687234887704
"GESTACAO_3.0, RACACOR_4.0, PARTO_2.0",APGAR5_3.0,0.8317615939737213,0.9788498030533912,0.8203077829849631,0.9862294543631932,1.007539104862444,1.0,0.0061381105364112,1.5359011548589163,0.0444767175288369,0.8283396842678281,0.3489164346048967,0.912130893107218
"PARTO_2.0, CODOCUPMAE_1.0, APGAR5_3.0, MESPRENAT_1.0",RACACOR_4.0,0.6240368304534085,0.9830331215318708,0.6154258071935828,0.986201097692312,1.0032226545485106,1.0,0.0019769338021137,1.2295817514902103,0.0085441943992007,0.6206115474244627,0.1867153210528419,0.8061244916379098
"CODOCUPMAE_1.0, PARTO_2.0, MESPRENAT_1.0",RACACOR_4.0,0.6369102383485237,0.9830331215318708,0.6281195192777665,0.9861978681744056,1.0032193692900224,1.0,0.0020156595384094,1.229294045479696,0.0088381401787801,0.6332974602587933,0.1865249785621638,0.8125792778923846
"CODOCUPMAE_1.0, MESPRENAT_1.0",RACACOR_4.0,0.6369102383485237,0.9830331215318708,0.6281195192777665,0.9861978681744056,1.0032193692900224,1.0,0.0020156595384094,1.229294045479696,0.0088381401787801,0.6332974602587933,0.1865249785621638,0.8125792778923846
"GESTACAO_3.0, PARTO_2.0",APGAR5_3.0,0.8454903539288692,0.9788498030533912,0.8338029383859004,0.986176760635223,1.0074852725709054,1.0,0.0061948719590847,1.530046350821471,0.0480854091186541,0.8417684088311594,0.3464250285861555,0.9189979201596604
GESTACAO_3.0,APGAR5_3.0,0.8454903539288692,0.9788498030533912,0.8338029383859004,0.986176760635223,1.0074852725709054,1.0,0.0061948719590847,1.530046350821471,0.0480854091186541,0.8417684088311594,0.3464250285861555,0.9189979201596604
"RACACOR_4.0, PESO_2.0, PARTO_2.0, MESPRENAT_1.0",APGAR5_3.0,0.6714909002041345,0.9788498030533912,0.6621682815330209,0.9861165375907855,1.0074237482755033,1.0,0.0048795461160594,1.5234093861608748,0.0224317754502702,0.6700938692231876,0.3435776298319339,0.8312962086036634
"PARTO_2.0, CONSULTAS_4.0, APGAR5_3.0, MESPRENAT_1.0",RACACOR_4.0,0.6382903021764756,0.9830331215318708,0.629409735200253,0.9860869467295036,1.0031065333718092,1.0,0.0019492270081911,1.219493531596581,0.0085618735902399,0.6345408300060146,0.1799874504534816,0.8131800595152963
"CONSULTAS_4.0, APGAR5_3.0, MESPRENAT_1.0","RACACOR_4.0, PARTO_2.0",0.6382903021764756,0.9830331215318708,0.629409735200253,0.9860869467295036,1.0031065333718092,1.0,0.0019492270081911,1.219493531596581,0.0085618735902399,0.6345408300060146,0.1799874504534816,0.8131800595152963
"PESO_2.0, PARTO_2.0, MESPRENAT_1.0",APGAR5_3.0,0.6817802823380581,0.9788498030533912,0.672281561772232,0.9860677687344496,1.0073739256610594,1.0,0.0049210666799384,1.5180767921148346,0.0230028137658947,0.6802069773023135,0.3412717952120861,0.8364377240958223
"CONSULTAS_4.0, PARTO_2.0, MESPRENAT_1.0",RACACOR_4.0,0.6490864264972255,0.9830331215318708,0.6400189758776343,0.9860304417879706,1.0030490531706897,1.0,0.0019455198940995,1.2145608479958043,0.0086624882450468,0.6451150153957618,0.1766571418384347,0.8185479836559796
"CONSULTAS_4.0, MESPRENAT_1.0",RACACOR_4.0,0.6490864264972255,0.9830331215318708,0.6400189758776343,0.9860304417879706,1.0030490531706897,1.0,0.0019455198940995,1.2145608479958043,0.0086624882450468,0.6451150153957618,0.1766571418384347,0.8185479836559796
"RACACOR_4.0, PESO_2.0, PARTO_2.0, QTDFILMORT_0.0",APGAR5_3.0,0.6490972082458814,0.9788498030533912,0.6399722549667922,0.9859420851558608,1.0072455264130882,1.0,0.0046035805128051,1.5045045571197369,0.0204997126442893,0.6477617478228607,0.3353293645620946,0.8198711721843748
"PESO_2.0, PARTO_2.0, QTDFILMORT_0.0",APGAR5_3.0,0.6603317903453034,0.9788498030533912,0.6510307351715017,0.9859145730831194,1.007217419881672,1.0,0.0046650922421082,1.5015659142898543,0.0210961809139103,0.6588373928445432,0.334028569453152,0.8255061276102804
"PESO_2.0, QTDFILMORT_0.0","PARTO_2.0, APGAR5_3.0",0.6603317903453034,0.9788498030533912,0.6510307351715017,0.9859145730831194,1.007217419881672,1.0,0.0046650922421082,1.5015659142898543,0.0210961809139103,0.6588373928445432,0.334028569453152,0.8255061276102804
"CODOCUPMAE_1.0, RACACOR_4.0, PESO_2.0, PARTO_2.0",APGAR5_3.0,0.6369138322647423,0.9788498030533912,0.6278966964722118,0.9858424557047736,1.0071437442491888,1.0,0.0044537171978881,1.4939170597361389,0.0195355091407553,0.6356085741727058,0.3306187960818764,0.813653118747993
"CODOCUPMAE_1.0, RACACOR_4.0, PESO_2.0",APGAR5_3.0,0.6369138322647423,0.9788498030533912,0.6278966964722118,0.9858424557047736,1.0071437442491888,1.0,0.0044537171978881,1.4939170597361389,0.0195355091407553,0.6356085741727058,0.3306187960818764,0.813653118747993
"PARTO_2.0, GESTACAO_3.0, CONSULTAS_4.0, APGAR5_3.0",RACACOR_4.0,0.6250503148270607,0.9830331215318708,0.616180529599494,0.9858094860251037,1.0028242837727648,1.0,0.0017353675005697,1.1956493258908265,0.0075112202249541,0.6212105291762532,0.1636343714283085,0.806312560156746
"GESTACAO_3.0, CONSULTAS_4.0, APGAR5_3.0",RACACOR_4.0,0.6250503148270607,0.9830331215318708,0.616180529599494,0.9858094860251037,1.0028242837727648,1.0,0.0017353675005697,1.1956493258908265,0.0075112202249541,0.6212105291762532,0.1636343714283085,0.806312560156746
"CODOCUPMAE_1.0, PESO_2.0, PARTO_2.0",APGAR5_3.0,0.6463945832494753,0.9788498030533912,0.6372157212271068,0.9857999088169556,1.0071002780425398,1.0,0.004492510718579,1.489440924989501,0.0199380982012359,0.6449364717351056,0.3286071416313145,0.818392036666347
"GESTACAO_3.0, CONSULTAS_4.0, PARTO_2.0",RACACOR_4.0,0.6333378856272103,0.9830331215318708,0.6243135620022426,0.9857511703787772,1.0027649616145902,1.0,0.0017214433097311,1.190755937095206,0.0075201052240106,0.629311906331737,0.1601973428413434,0.8104201054744061
"GESTACAO_3.0, CONSULTAS_4.0",RACACOR_4.0,0.6333378856272103,0.9830331215318708,0.6243135620022426,0.9857511703787772,1.0027649616145902,1.0,0.0017214433097311,1.190755937095206,0.0075201052240106,0.629311906331737,0.1601973428413434,0.8104201054744061
"CONSULTAS_4.0, APGAR5_3.0, PESO_2.0",RACACOR_4.0,0.6127699031080187,0.9830331215318708,0.6040079353670107,0.985701047495044,1.0027139736238142,1.0,0.001634824733953,1.1865819165598692,0.0069897147168805,0.6090047650970232,0.1572431822497399,0.8000669959787825
"PARTO_2.0, CODOCUPMAE_1.0, GESTACAO_3.0, APGAR5_3.0",RACACOR_4.0,0.6472175900635404,0.9830331215318708,0.6379488801357063,0.9856791439693038,1.0026916920493072,1.0,0.0017125522652093,1.1847670580418723,0.0076094108354605,0.6428980174280893,0.1559522243530698,0.817319422237095
"CONSULTAS_4.0, PARTO_2.0, PESO_2.0",RACACOR_4.0,0.6210143469135447,0.9830331215318708,0.6121014346913545,0.9856478159216648,1.0026598232882729,1.0,0.0016237627288564,1.182180940233405,0.0069996512379059,0.6170713061625249,0.1541058005870369,0.8041569756287409
"CONSULTAS_4.0, PESO_2.0","RACACOR_4.0, PARTO_2.0",0.6210143469135447,0.9830331215318708,0.6121014346913545,0.9856478159216648,1.0026598232882729,1.0,0.0016237627288564,1.182180940233405,0.0069996512379059,0.6170713061625249,0.1541058005870369,0.8041569756287409
"CODOCUPMAE_1.0, GESTACAO_3.0, PARTO_2.0",RACACOR_4.0,0.6561376901181679,0.9830331215318708,0.6467144417929329,0.9856383066128424,1.0026501498514229,1.0,0.0017093601213589,1.1813981827032387,0.0076866380665042,0.6516300982440639,0.1535453375153912,0.8217574299664949
"CODOCUPMAE_1.0, GESTACAO_3.0","RACACOR_4.0, PARTO_2.0",0.6561376901181679,0.9830331215318708,0.6467144417929329,0.9856383066128424,1.0026501498514229,1.0,0.0017093601213589,1.1813981827032387,0.0076866380665042,0.6516300982440639,0.1535453375153912,0.8217574299664949
"RACACOR_4.0, PESO_2.0, PARTO_2.0",APGAR5_3.0,0.8241856185848595,0.9788498030533912,0.8123256950633967,0.9856101304681504,1.00690639911626,1.0,0.0055717646321695,1.4697976864763411,0.0390128946028457,0.8199431915055703,0.319634253611205,0.9077439519404192
"RACACOR_4.0, PESO_2.0","PARTO_2.0, APGAR5_3.0",0.8241856185848595,0.9788498030533912,0.8123256950633967,0.9856101304681504,1.00690639911626,1.0,0.0055717646321695,1.4697976864763411,0.0390128946028457,0.8199431915055703,0.319634253611205,0.9077439519404192
"PESO_2.0, PARTO_2.0",APGAR5_3.0,0.8381659526753112,0.9788498030533912,0.8260724245996377,0.9855714395972868,1.0068668722442689,1.0,0.0056338468973512,1.465856354084461,0.0421421821570148,0.8336222654209946,0.3178049150494175,0.9147464853945576
PESO_2.0,APGAR5_3.0,0.8381659526753112,0.9788498030533912,0.8260724245996377,0.9855714395972868,1.0068668722442689,1.0,0.0056338468973512,1.465856354084461,0.0421421821570148,0.8336222654209946,0.3178049150494175,0.9147464853945576
"CONSULTAS_4.0, PARTO_2.0, APGAR5_3.0",RACACOR_4.0,0.7126735861533596,0.9830331215318708,0.7023806101032173,0.985557236510338,1.0025676805014807,1.0,0.0017988700735674,1.1747667598568494,0.008913571047485,0.7070997246654197,0.1487671985868459,0.8500303703673919
"CONSULTAS_4.0, APGAR5_3.0",RACACOR_4.0,0.7126735861533596,0.9830331215318708,0.7023806101032173,0.985557236510338,1.0025676805014807,1.0,0.0017988700735674,1.1747667598568494,0.008913571047485,0.7070997246654197,0.1487671985868459,0.8500303703673919
"CONSULTAS_4.0, PARTO_2.0",RACACOR_4.0,0.7248677438831546,0.9830331215318708,0.7143627267761133,0.9855076775098788,1.0025172661264474,1.0,0.0017937258088912,1.1707494419679707,0.0091263214428719,0.7190088623620907,0.1458462723509392,0.8561000532054324
"PARTO_2.0, CODOCUPMAE_1.0, PESO_2.0, APGAR5_3.0",RACACOR_4.0,0.6372157212271068,0.9830331215318708,0.6278966964722118,0.9853754004421784,1.0023827059933217,1.0,0.0014925369451466,1.160160208219496,0.0065522194309629,0.6327357670578009,0.1380500788466919,0.8120547096936458
"GESTACAO_3.0, PESO_2.0, MESPRENAT_1.0","RACACOR_4.0, PARTO_2.0",0.615375492366522,0.9830331215318708,0.606372732238866,0.985370297908624,1.0023775153914565,1.0,0.0014382410635919,1.1597555686476335,0.0061667318960822,0.6112407257129607,0.1377493438845231,0.8011044274898862
"CODOCUPMAE_1.0, PESO_2.0, PARTO_2.0",RACACOR_4.0,0.6463945832494753,0.9830331215318708,0.6369138322647423,0.9853328737114836,1.0023394452630745,1.0,0.0014865473517178,1.1567963713119007,0.006600535292398,0.6417178136259122,0.1355436230614043,0.8166198308534094
"CODOCUPMAE_1.0, PESO_2.0","RACACOR_4.0, PARTO_2.0",0.6463945832494753,0.9830331215318708,0.6369138322647423,0.9853328737114836,1.0023394452630745,1.0,0.0014865473517178,1.1567963713119007,0.006600535292398,0.6417178136259122,0.1355436230614043,0.8166198308534094
"CODOCUPMAE_1.0, PARTO_2.0, APGAR5_3.0",RACACOR_4.0,0.757956930508036,0.9830331215318708,0.746779851068112,0.9852536747273588,1.0022588793264948,1.0,0.0016830836840819,1.1505834948322946,0.0093115175553231,0.7511287354909142,0.1308757647824969,0.8724613692380465
"CODOCUPMAE_1.0, APGAR5_3.0",RACACOR_4.0,0.757956930508036,0.9830331215318708,0.746779851068112,0.9852536747273588,1.0022588793264948,1.0,0.0016830836840819,1.1505834948322946,0.0093115175553231,0.7511287354909142,0.1308757647824969,0.8724613692380465
"PARTO_2.0, GESTACAO_3.0, APGAR5_3.0, MESPRENAT_1.0",RACACOR_4.0,0.6808566458698715,0.9830331215318708,0.6707972743739398,0.9852254192465438,1.002230136163934,1.0,0.0014926404687604,1.1483830743664358,0.0069723329492695,0.6754630400324254,0.1292104330676406,0.8338002340724122
"GESTACAO_3.0, APGAR5_3.0, MESPRENAT_1.0","RACACOR_4.0, PARTO_2.0",0.6808566458698715,0.9830331215318708,0.6707972743739398,0.9852254192465438,1.002230136163934,1.0,0.0014926404687604,1.1483830743664358,0.0069723329492695,0.6754630400324254,0.1292104330676406,0.8338002340724122
"CODOCUPMAE_1.0, PARTO_2.0",RACACOR_4.0,0.7741187717431931,0.9830331215318708,0.7626721485868722,0.9852133502323616,1.0022178588419213,1.0,0.0016877559637432,1.1474457524017665,0.0097969665139312,0.7669056636502934,0.1284991051586897,0.8805245040690812
"GESTACAO_3.0, PARTO_2.0, MESPRENAT_1.0",RACACOR_4.0,0.6901612949598919,0.9830331215318708,0.6799366033179034,0.9851850694661416,1.002189089957536,1.0,0.0014851911730026,1.1452553509685903,0.0070498239071437,0.684551980663743,0.1268322831635248,0.8384285947929553
"PESO_2.0, APGAR5_3.0, MESPRENAT_1.0","RACACOR_4.0, PARTO_2.0",0.672281561772232,0.9830331215318708,0.6621682815330209,0.9849567788047748,1.001956859062802,1.0,0.0012932393157424,1.1278753564771475,0.0059594975941305,0.6667378347765984,0.1133772058612564,0.8292769504219577
"PESO_2.0, MESPRENAT_1.0","RACACOR_4.0, PARTO_2.0",0.6817802823380581,0.9830331215318708,0.6714909002041345,0.984908067304854,1.0019073068159303,1.0,0.001278301058473,1.1242349678372363,0.0059822689048193,0.6760049205832339,0.110506229917608,0.8339943569111913
"APGAR5_3.0, PARTO_2.0, MESPRENAT_1.0",RACACOR_4.0,0.7952438112762715,0.9830331215318708,0.7830855927086627,0.9847113320528752,1.0017071759681804,1.0,0.0013345865308475,1.1097682627949346,0.0083233942574138,0.7868693799429418,0.0989109767101149,0.890656382226301
"APGAR5_3.0, MESPRENAT_1.0","RACACOR_4.0, PARTO_2.0",0.7952438112762715,0.9830331215318708,0.7830855927086627,0.9847113320528752,1.0017071759681804,1.0,0.0013345865308475,1.1097682627949346,0.0083233942574138,0.7868693799429418,0.0989109767101149,0.890656382226301
"PARTO_2.0, MESPRENAT_1.0",RACACOR_4.0,0.8118369224576637,0.9830331215318708,0.7993983784250022,0.9846785189382536,1.0016737965083198,1.0,0.0013357943666176,1.107391537394575,0.0088805923928213,0.8030347885106935,0.0969770255308628,0.898937145601026
MESPRENAT_1.0,RACACOR_4.0,0.8118369224576637,0.9830331215318708,0.7993983784250022,0.9846785189382536,1.0016737965083198,1.0,0.0013357943666176,1.107391537394575,0.0088805923928213,0.8030347885106935,0.0969770255308628,0.898937145601026
"PARTO_2.0, APGAR5_3.0, QTDFILMORT_0.0, MESPRENAT_1.0",RACACOR_4.0,0.6207412092809292,0.9830331215318708,0.6112209252177914,0.984663038443724,1.001658048824757,1.0,0.0010117565948911,1.106273782187727,0.0043645771436256,0.6158065871038759,0.0960646305632985,0.8032167334785899
"APGAR5_3.0, QTDFILMORT_0.0, MESPRENAT_1.0","RACACOR_4.0, PARTO_2.0",0.6207412092809292,0.9830331215318708,0.6112209252177914,0.984663038443724,1.001658048824757,1.0,0.0010117565948911,1.106273782187727,0.0043645771436256,0.6158065871038759,0.0960646305632985,0.8032167334785899
"PARTO_2.0, QTDFILMORT_0.0, MESPRENAT_1.0",RACACOR_4.0,0.6332911647163681,0.9830331215318708,0.623551651763894,0.9846207976755272,1.0016150789926408,1.0,0.0010054612742085,1.103235272555705,0.0043971526275051,0.6280910956895709,0.0935750289388001,0.8094673888241268
"QTDFILMORT_0.0, MESPRENAT_1.0","RACACOR_4.0, PARTO_2.0",0.6332911647163681,0.9830331215318708,0.623551651763894,0.9846207976755272,1.0016150789926408,1.0,0.0010054612742085,1.103235272555705,0.0043971526275051,0.6280910956895709,0.0935750289388001,0.8094673888241268
"GESTACAO_3.0, PESO_2.0, APGAR5_3.0","RACACOR_4.0, PARTO_2.0",0.7433728184928553,0.9830331215318708,0.7315021132227365,0.9840312895833534,1.0010153961546353,1.0,0.0007420109977601,1.0625077432954149,0.0039526840655324,0.735249069826247,0.0588303884746705,0.8640794629887834
"GESTACAO_3.0, PESO_2.0, PARTO_2.0",RACACOR_4.0,0.752990138293896,0.9830331215318708,0.7409469250452834,0.9840061474431792,1.000989820068109,1.0,0.0007326789155196,1.060837494146672,0.0040032462118039,0.744613150918455,0.0573485519529163,0.8688708052435234
"GESTACAO_3.0, PESO_2.0","RACACOR_4.0, PARTO_2.0",0.752990138293896,0.9830331215318708,0.7409469250452834,0.9840061474431792,1.000989820068109,1.0,0.0007326789155196,1.060837494146672,0.0040032462118039,0.744613150918455,0.0573485519529163,0.8688708052435234
"GESTACAO_3.0, PARTO_2.0, APGAR5_3.0",RACACOR_4.0,0.8338029383859004,0.9830331215318708,0.8203077829849631,0.983814934225272,1.000795306563204,1.0,0.0006518777210252,1.0483045731344456,0.0047815198752505,0.8231655859377819,0.0460787583803191,0.9091405007802448
"GESTACAO_3.0, APGAR5_3.0",RACACOR_4.0,0.8338029383859004,0.9830331215318708,0.8203077829849631,0.983814934225272,1.000795306563204,1.0,0.0006518777210252,1.0483045731344456,0.0047815198752505,0.8231655859377819,0.0460787583803191,0.9091405007802448
"GESTACAO_3.0, PARTO_2.0",RACACOR_4.0,0.8454903539288692,0.9830331215318708,0.8317615939737213,0.9837623695038596,1.000741834589309,1.0,0.0006165721259387,1.0449109845283246,0.0047976595477586,0.8344636862846904,0.0429806798792507,0.9149399687111002
GESTACAO_3.0,RACACOR_4.0,0.8454903539288692,0.9830331215318708,0.8317615939737213,0.9837623695038596,1.000741834589309,1.0,0.0006165721259387,1.0449109845283246,0.0047976595477586,0.8344636862846904,0.0429806798792507,0.9149399687111002
"PARTO_2.0, GESTACAO_3.0, APGAR5_3.0, QTDFILMORT_0.0",RACACOR_4.0,0.6566444323049941,0.9830331215318708,0.6458842471464306,0.9836133763888129,1.0005902698945055,1.0,0.0003810211211289,1.0354102755216688,0.0017181072246972,0.6499180894036981,0.0341992699500959,0.8203227030667957
"GESTACAO_3.0, PARTO_2.0, QTDFILMORT_0.0",RACACOR_4.0,0.665762197751646,0.9830331215318708,0.6548223167821512,0.9835678850399736,1.0005439933776286,1.0,0.0003560253284319,1.0325438027547753,0.0016266789874516,0.6587928596996794,0.0315180844318178,0.824846126509136
"GESTACAO_3.0, QTDFILMORT_0.0","RACACOR_4.0, PARTO_2.0",0.665762197751646,0.9830331215318708,0.6548223167821512,0.9835678850399736,1.0005439933776286,1.0,0.0003560253284319,1.0325438027547753,0.0016266789874516,0.6587928596996794,0.0315180844318178,0.824846126509136
"RACACOR_4.0, CONSULTAS_4.0, PARTO_2.0, MESPRENAT_1.0",APGAR5_3.0,0.6400189758776343,0.9788498030533912,0.629409735200253,0.983423552930078,1.0046725757745667,1.0,0.0029272867119974,1.2759185884281397,0.0129196930956443,0.6361149955505513,0.2162509355460178,0.8132165329848305
"RACACOR_4.0, CONSULTAS_4.0, MESPRENAT_1.0","PARTO_2.0, APGAR5_3.0",0.6400189758776343,0.9788498030533912,0.629409735200253,0.983423552930078,1.0046725757745667,1.0,0.0029272867119974,1.2759185884281397,0.0129196930956443,0.6361149955505513,0.2162509355460178,0.8132165329848305
"CONSULTAS_4.0, PARTO_2.0, MESPRENAT_1.0",APGAR5_3.0,0.6490864264972255,0.9788498030533912,0.6382903021764756,0.9833672006068424,1.004615005835788,1.0,0.002932181435037,1.2715957456511888,0.0130909880493286,0.6449683513275011,0.2135865479104003,0.8177245823751417
"PESO_2.0, PARTO_2.0, APGAR5_3.0",RACACOR_4.0,0.8260724245996377,0.9830331215318708,0.8123256950633967,0.9833589294027052,1.000331431224135,1.0,0.0002691408978138,1.0195785402705664,0.0019049389558291,0.8149499552914707,0.0192025817504659,0.904852570098626
"PESO_2.0, PARTO_2.0",RACACOR_4.0,0.8381659526753112,0.9830331215318708,0.8241856185848595,0.9833203269044412,1.0002921624574794,1.0,0.000240725764714,1.0172188849820387,0.0018047940364694,0.8266544588111037,0.0169274137909293,0.9108655801021308
"RACACOR_4.0, CONSULTAS_4.0, PARTO_2.0",APGAR5_3.0,0.7143627267761133,0.9788498030533912,0.7023806101032173,0.9832268450973488,1.0044716176376642,1.0,0.0031267956897352,1.2609552030826217,0.0155851903944844,0.7088796758760523,0.2069504154030784,0.850391964421102
"RACACOR_4.0, CONSULTAS_4.0",APGAR5_3.0,0.7143627267761133,0.9788498030533912,0.7023806101032173,0.9832268450973488,1.0044716176376642,1.0,0.0031267956897352,1.2609552030826217,0.0155851903944844,0.7088796758760523,0.2069504154030784,0.850391964421102
"CONSULTAS_4.0, PARTO_2.0",APGAR5_3.0,0.7248677438831546,0.9788498030533912,0.7126735861533596,0.9831774032812244,1.0044211075226597,1.0,0.0031369378135778,1.2572492404221585,0.0159982963411853,0.7191139993327436,0.2046127626498143,0.8556249326998971
CONSULTAS_4.0,APGAR5_3.0,0.7248677438831546,0.9788498030533912,0.7126735861533596,0.9831774032812244,1.0044211075226597,1.0,0.0031369378135778,1.2572492404221585,0.0159982963411853,0.7191139993327436,0.2046127626498143,0.8556249326998971
"PARTO_2.0, APGAR5_3.0",RACACOR_4.0,0.9788498030533912,0.9830331215318708,0.962296224950404,0.9830887455344522,1.0000565840574067,1.0,5.444754397188056e-05,1.003289170693678,0.0026751928587297,0.9626941067762548,0.0032783875175328,0.980996967940646
APGAR5_3.0,RACACOR_4.0,0.9788498030533912,0.9830331215318708,0.962296224950404,0.9830887455344522,1.0000565840574067,1.0,5.444754397188056e-05,1.003289170693678,0.0026751928587297,0.9626941067762548,0.0032783875175328,0.980996967940646
PARTO_2.0,RACACOR_4.0,1.0,0.9830331215318708,0.9830331215318708,0.9830331215318708,1.0,1.0,0.0,1.0,0.0,0.9830331215318708,0.0,0.9915165607659354
"PESO_2.0, APGAR5_3.0, QTDFILMORT_0.0","RACACOR_4.0, PARTO_2.0",0.6510307351715017,0.9830331215318708,0.6399722549667922,0.9830138891955748,0.9999804357189248,1.0,-1.2520842037844204e-05,0.9988677610479876,-5.60610030766714e-05,0.6437759396104178,-0.001133522370193,0.8170159437093925
"PESO_2.0, PARTO_2.0, QTDFILMORT_0.0",RACACOR_4.0,0.6603317903453034,0.9830331215318708,0.6490972082458814,0.9829864588322376,0.9999525319151398,1.0,-3.081286399120309e-05,0.9972573199680682,-0.0001397354934787,0.6528394776127495,-0.0027502230136747,0.8216434522460405
"PESO_2.0, QTDFILMORT_0.0",RACACOR_4.0,0.6603317903453034,0.9830331215318708,0.6490972082458814,0.9829864588322376,0.9999525319151398,1.0,-3.081286399120309e-05,0.9972573199680682,-0.0001397354934787,0.6528394776127495,-0.0027502230136747,0.8216434522460405
"PARTO_2.0, QTDFILMORT_0.0, APGAR5_3.0",RACACOR_4.0,0.7669345332221615,0.9830331215318708,0.7538131451079613,0.9828911236281502,0.999855551251926,1.0,-0.0001089030960085,0.9917003372615258,-0.0006194831093519,0.7567231165532619,-0.0083691236421203,0.8748574370585666
"APGAR5_3.0, QTDFILMORT_0.0","RACACOR_4.0, PARTO_2.0",0.7669345332221615,0.9830331215318708,0.7538131451079613,0.9828911236281502,0.999855551251926,1.0,-0.0001089030960085,0.9917003372615258,-0.0006194831093519,0.7567231165532619,-0.0083691236421203,0.8748574370585666
"PARTO_2.0, QTDFILMORT_0.0",RACACOR_4.0,0.7829705873896667,0.9830331215318708,0.7695329346482275,0.9828376021298082,0.9998011059873976,1.0,-0.0001530859410791,0.98860768736738,-0.0009157809410689,0.7722584088925437,-0.0115235930068046,0.8828262306787996
"PARTO_2.0, ESTCIVMAE_1.0, APGAR5_3.0",RACACOR_4.0,0.6848890198671689,0.9830331215318708,0.6726301716454386,0.9821009713017332,0.999051761115958,1.0,-0.0006384194574878,0.9479217422435908,-0.0030030327691106,0.6758119145801587,-0.0549394063197111,0.8331702763845052
"APGAR5_3.0, ESTCIVMAE_1.0",RACACOR_4.0,0.6848890198671689,0.9830331215318708,0.6726301716454386,0.9821009713017332,0.999051761115958,1.0,-0.0006384194574878,0.9479217422435908,-0.0030030327691106,0.6758119145801587,-0.0549394063197111,0.8331702763845052
"PARTO_2.0, ESTCIVMAE_1.0",RACACOR_4.0,0.700418331847848,0.9830331215318708,0.6878180615853483,0.9820103648211812,0.9989595907927336,1.0,-0.0007163575491874,0.9431474457084134,-0.0034644462612269,0.6908346659062277,-0.0602796037356425,0.8408499874938182
"RACACOR_4.0, PARTO_2.0, QTDFILMORT_0.0, MESPRENAT_1.0",APGAR5_3.0,0.623551651763894,0.9788498030533912,0.6112209252177914,0.980225011815426,1.0014049231636406,1.0,0.0008575136950869,1.0695428360916763,0.0037268117399854,0.6166595357404441,0.0650210854067329,0.8023263528693046
"RACACOR_4.0, QTDFILMORT_0.0, MESPRENAT_1.0","PARTO_2.0, APGAR5_3.0",0.623551651763894,0.9788498030533912,0.6112209252177914,0.980225011815426,1.0014049231636406,1.0,0.0008575136950869,1.0695428360916763,0.0037268117399854,0.6166595357404441,0.0650210854067329,0.8023263528693046
"PARTO_2.0, QTDFILMORT_0.0, MESPRENAT_1.0",APGAR5_3.0,0.6332911647163681,0.9788498030533912,0.6207412092809292,0.9801829614328196,1.0013619641902871,1.0,0.0008442774228595,1.0672733403080852,0.0037089691763602,0.6261260444798898,0.0630329061612892,0.8071683230187783
"QTDFILMORT_0.0, MESPRENAT_1.0","PARTO_2.0, APGAR5_3.0",0.6332911647163681,0.9788498030533912,0.6207412092809292,0.9801829614328196,1.0013619641902871,1.0,0.0008442774228595,1.0672733403080852,0.0037089691763602,0.6261260444798898,0.0630329061612892,0.8071683230187783
"CODOCUPMAE_1.0, RACACOR_4.0, PARTO_2.0, MESPRENAT_1.0",APGAR5_3.0,0.6281195192777665,0.9788498030533912,0.6154258071935828,0.9797909288047928,1.0009614608374704,1.0,0.0005911394545502,1.046569470823809,0.0025829194277429,0.6206745319777454,0.0444972571072149,0.8042571802007978
"CODOCUPMAE_1.0, RACACOR_4.0, MESPRENAT_1.0",APGAR5_3.0,0.6281195192777665,0.9788498030533912,0.6154258071935828,0.9797909288047928,1.0009614608374704,1.0,0.0005911394545502,1.046569470823809,0.0025829194277429,0.6206745319777454,0.0444972571072149,0.8042571802007978
"CODOCUPMAE_1.0, PARTO_2.0, MESPRENAT_1.0",APGAR5_3.0,0.6369102383485237,0.9788498030533912,0.6240368304534085,0.9797877202782996,1.0009581829837253,1.0,0.0005973690832676,1.0464033368735532,0.0026364437918066,0.6292449582344308,0.0443455551395672,0.8086541175896846
"CODOCUPMAE_1.0, MESPRENAT_1.0",APGAR5_3.0,0.6369102383485237,0.9788498030533912,0.6240368304534085,0.9797877202782996,1.0009581829837253,1.0,0.0005973690832676,1.0464033368735532,0.0026364437918066,0.6292449582344308,0.0443455551395672,0.8086541175896846
"RACACOR_4.0, PARTO_2.0, MESPRENAT_1.0",APGAR5_3.0,0.7993983784250022,0.9788498030533912,0.7830855927086627,0.9795936717453952,1.0007599416066526,1.0,0.0005946474261491,1.0364528435847382,0.0037854356708914,0.7868921134553019,0.0351707690420918,0.8897997731292265
"RACACOR_4.0, PARTO_2.0, QTDFILMORT_0.0",APGAR5_3.0,0.7695329346482275,0.9788498030533912,0.7538131451079613,0.979572297906324,1.0007381059389082,1.0,0.0005559835844456,1.035368386009336,0.0032002904155922,0.7579290084087057,0.034160195044836,0.8748366146919004
"RACACOR_4.0, QTDFILMORT_0.0",APGAR5_3.0,0.7695329346482275,0.9788498030533912,0.7538131451079613,0.979572297906324,1.0007381059389082,1.0,0.0005559835844456,1.035368386009336,0.0032002904155922,0.7579290084087057,0.034160195044836,0.8748366146919004
"PARTO_2.0, MESPRENAT_1.0",APGAR5_3.0,0.8118369224576637,0.9788498030533912,0.7952438112762715,0.9795610291643794,1.0007265937110776,1.0,0.0005773996171162,1.0347975500678666,0.0038587068486461,0.7988843959852697,0.0336273989686043,0.8959939136121607
"PARTO_2.0, QTDFILMORT_0.0",APGAR5_3.0,0.7829705873896667,0.9788498030533912,0.7669345332221615,0.9795189571284312,1.0006836126165144,1.0,0.0005239279591882,1.032671875120621,0.0031477098027415,0.7708769077937325,0.0316381959340227,0.8815123965449986
QTDFILMORT_0.0,"PARTO_2.0, APGAR5_3.0",0.7829705873896667,0.9788498030533912,0.7669345332221615,0.9795189571284312,1.0006836126165144,1.0,0.0005239279591882,1.032671875120621,0.0031477098027415,0.7708769077937325,0.0316381959340227,0.8815123965449986
"CODOCUPMAE_1.0, RACACOR_4.0, PARTO_2.0",APGAR5_3.0,0.7626721485868722,0.9788498030533912,0.746779851068112,0.9791623470868754,1.0003192972328434,1.0,0.0002383686295454,1.0149990037163632,0.0013449551443795,0.7507270986505773,0.0147773580677864,0.871039007390179
"CODOCUPMAE_1.0, RACACOR_4.0",APGAR5_3.0,0.7626721485868722,0.9788498030533912,0.746779851068112,0.9791623470868754,1.0003192972328434,1.0,0.0002383686295454,1.0149990037163632,0.0013449551443795,0.7507270986505773,0.0147773580677864,0.871039007390179
"CODOCUPMAE_1.0, PARTO_2.0",APGAR5_3.0,0.7741187717431931,0.9788498030533912,0.757956930508036,0.9791222718979372,1.0002783561315498,1.0,0.0002109232472783,1.0130506941758288,0.0012319690003588,0.7617568446146068,0.01288256772426,0.8767282621738964
"RACACOR_4.0, PARTO_2.0",APGAR5_3.0,0.9830331215318708,0.9788498030533912,0.962296224950404,0.9789051903468396,1.0000565840574067,1.0,5.444754397188056e-05,1.0026256360858017,0.0033347828793951,0.9626941067762548,0.0026187601745869,0.980996967940646
RACACOR_4.0,APGAR5_3.0,0.9830331215318708,0.9788498030533912,0.962296224950404,0.9789051903468396,1.0000565840574067,1.0,5.444754397188056e-05,1.0026256360858017,0.0033347828793951,0.9626941067762548,0.0026187601745869,0.980996967940646
PARTO_2.0,APGAR5_3.0,1.0,0.9788498030533912,0.9788498030533912,0.9788498030533912,1.0,1.0,0.0,1.0,0.0,0.9788498030533912,0.0,0.9894249015266956
"PARTO_2.0, RACACOR_4.0, ESTCIVMAE_1.0",APGAR5_3.0,0.6878180615853483,0.9788498030533912,0.6726301716454386,0.9779187392885508,0.9990488185603796,1.0,-0.0006404024739449,0.9578346645598156,-0.0030405097170275,0.6766646540534872,-0.0440215174918127,0.8325412805499417
"RACACOR_4.0, ESTCIVMAE_1.0","PARTO_2.0, APGAR5_3.0",0.6878180615853483,0.9788498030533912,0.6726301716454386,0.9779187392885508,0.9990488185603796,1.0,-0.0006404024739449,0.9578346645598156,-0.0030405097170275,0.6766646540534872,-0.0440215174918127,0.8325412805499417
"PARTO_2.0, ESTCIVMAE_1.0",APGAR5_3.0,0.700418331847848,0.9788498030533912,0.6848890198671689,0.9778285186515472,0.9989566485086288,1.0,-0.0007153263170819,0.9539370245139084,-0.003474219896867,0.688760463199896,-0.0482872289285172,0.838758033994139
ESTCIVMAE_1.0,"PARTO_2.0, APGAR5_3.0",0.700418331847848,0.9788498030533912,0.6848890198671689,0.9778285186515472,0.9989566485086288,1.0,-0.0007153263170819,0.9539370245139084,-0.003474219896867,0.688760463199896,-0.0482872289285172,0.838758033994139
"GESTACAO_3.0, CONSULTAS_4.0, PARTO_2.0","RACACOR_4.0, APGAR5_3.0",0.6333378856272103,0.962296224950404,0.616180529599494,0.972909632571996,1.0110292520602364,1.0,0.0067218731423588,1.3917779133043682,0.029752009390751,0.6291064135823081,0.2814945614233858,0.806616380689543
"GESTACAO_3.0, CONSULTAS_4.0","RACACOR_4.0, APGAR5_3.0",0.6333378856272103,0.962296224950404,0.616180529599494,0.972909632571996,1.0110292520602364,1.0,0.0067218731423588,1.3917779133043682,0.029752009390751,0.6291064135823081,0.2814945614233858,0.806616380689543
"PARTO_2.0, PESO_2.0, CONSULTAS_4.0","RACACOR_4.0, APGAR5_3.0",0.6210143469135447,0.962296224950404,0.6040079353670107,0.9726151068311766,1.010723186492085,1.0,0.006408173692066,1.376809280107771,0.0279942515491069,0.6167735211329631,0.2736829897589562,0.8001443532004678
"CONSULTAS_4.0, PESO_2.0","RACACOR_4.0, APGAR5_3.0",0.6210143469135447,0.962296224950404,0.6040079353670107,0.9726151068311766,1.010723186492085,1.0,0.006408173692066,1.376809280107771,0.0279942515491069,0.6167735211329631,0.2736829897589562,0.8001443532004678
"CODOCUPMAE_1.0, GESTACAO_3.0, PARTO_2.0","RACACOR_4.0, APGAR5_3.0",0.6561376901181679,0.962296224950404,0.6379488801357063,0.9722789739769622,1.0103738836002112,1.0,0.0065500578873153,1.3601147020410391,0.0298589603821252,0.6506462183580262,0.2647678916349021,0.8176116800590637
"CODOCUPMAE_1.0, GESTACAO_3.0","PARTO_2.0, RACACOR_4.0, APGAR5_3.0",0.6561376901181679,0.962296224950404,0.6379488801357063,0.9722789739769622,1.0103738836002112,1.0,0.0065500578873153,1.3601147020410391,0.0298589603821252,0.6506462183580262,0.2647678916349021,0.8176116800590637
"GESTACAO_3.0, PARTO_2.0, MESPRENAT_1.0","RACACOR_4.0, APGAR5_3.0",0.6901612949598919,0.962296224950404,0.6707972743739398,0.9719427607323626,1.0100244971681729,1.0,0.0066576656271535,1.3438162853422797,0.0320328087882326,0.6833293671859269,0.2558506613533911,0.8345112878195812
"GESTACAO_3.0, PESO_2.0, PARTO_2.0","RACACOR_4.0, APGAR5_3.0",0.752990138293896,0.962296224950404,0.7315021132227365,0.9714630723851888,1.009526014128609,1.0,0.0069025457176377,1.3212275532432245,0.0382014118745831,0.7435594879738141,0.2431281064754555,0.8658131026875879
"GESTACAO_3.0, PESO_2.0","PARTO_2.0, RACACOR_4.0, APGAR5_3.0",0.752990138293896,0.962296224950404,0.7315021132227365,0.9714630723851888,1.009526014128609,1.0,0.0069025457176377,1.3212275532432245,0.0382014118745831,0.7435594879738141,0.2431281064754555,0.8658131026875879
"CODOCUPMAE_1.0, PESO_2.0, PARTO_2.0","RACACOR_4.0, APGAR5_3.0",0.6463945832494753,0.962296224950404,0.6278966964722118,0.9713829799063703,1.0094427835424946,1.0,0.005873629182852,1.317529740211814,0.026454491472316,0.6401921554832468,0.2410038502514303,0.8119406636442559
"CODOCUPMAE_1.0, PESO_2.0","RACACOR_4.0, APGAR5_3.0",0.6463945832494753,0.962296224950404,0.6278966964722118,0.9713829799063703,1.0094427835424946,1.0,0.005873629182852,1.317529740211814,0.026454491472316,0.6401921554832468,0.2410038502514303,0.8119406636442559
"PESO_2.0, MESPRENAT_1.0","PARTO_2.0, RACACOR_4.0, APGAR5_3.0",0.6817802823380581,0.962296224950404,0.6621682815330209,0.9712341331758952,1.0092881048410554,1.0,0.0060936895934869,1.3107122855064268,0.0289191063263077,0.6743688097974482,0.2370560564223102,0.8296734311274367
"GESTACAO_3.0, PARTO_2.0","RACACOR_4.0, APGAR5_3.0",0.8454903539288692,0.962296224950404,0.8203077829849631,0.9702154248988336,1.0082294825055953,1.0,0.0066956071672312,1.2658825892775492,0.0528271931125408,0.8307092632222564,0.2100373222048111,0.911331863452005
GESTACAO_3.0,"RACACOR_4.0, PARTO_2.0, APGAR5_3.0",0.8454903539288692,0.962296224950404,0.8203077829849631,0.9702154248988336,1.0082294825055953,1.0,0.0066956071672312,1.2658825892775492,0.0528271931125408,0.8307092632222564,0.2100373222048111,0.911331863452005
"GESTACAO_3.0, PARTO_2.0, QTDFILMORT_0.0","RACACOR_4.0, APGAR5_3.0",0.665762197751646,0.962296224950404,0.6458842471464306,0.970142566411332,1.008153769346162,1.0,0.0052237975353371,1.262793566554422,0.0241978108031758,0.6576066274406487,0.2081049298274964,0.8206666177814194
"GESTACAO_3.0, QTDFILMORT_0.0","RACACOR_4.0, APGAR5_3.0",0.665762197751646,0.962296224950404,0.6458842471464306,0.970142566411332,1.008153769346162,1.0,0.0052237975353371,1.262793566554422,0.0241978108031758,0.6576066274406487,0.2081049298274964,0.8206666177814194
"CONSULTAS_4.0, PARTO_2.0, MESPRENAT_1.0","RACACOR_4.0, APGAR5_3.0",0.6490864264972255,0.962296224950404,0.629409735200253,0.9696855603603404,1.0076788573189273,1.0,0.004796317315425,1.2437562923072876,0.0217157225508454,0.640964455115067,0.1959839671283963,0.8118781144571452
"CONSULTAS_4.0, MESPRENAT_1.0","PARTO_2.0, RACACOR_4.0, APGAR5_3.0",0.6490864264972255,0.962296224950404,0.629409735200253,0.9696855603603404,1.0076788573189273,1.0,0.004796317315425,1.2437562923072876,0.0217157225508454,0.640964455115067,0.1959839671283963,0.8118781144571452
"PESO_2.0, PARTO_2.0","RACACOR_4.0, APGAR5_3.0",0.8381659526753112,0.962296224950404,0.8123256950633967,0.9691704756922708,1.0071435910935025,1.0,0.0057617629219857,1.222976218291611,0.0438283678570892,0.8220784369351184,0.1823226118027781,0.9066619716009952
PESO_2.0,"RACACOR_4.0, APGAR5_3.0",0.8381659526753112,0.962296224950404,0.8123256950633967,0.9691704756922708,1.0071435910935025,1.0,0.0057617629219857,1.222976218291611,0.0438283678570892,0.8220784369351184,0.1823226118027781,0.9066619716009952
"PESO_2.0, PARTO_2.0, QTDFILMORT_0.0","RACACOR_4.0, APGAR5_3.0",0.6603317903453034,0.962296224950404,0.6399722549667922,0.969167718901032,1.0071407262882923,1.0,0.004537465902765,1.2228668689342623,0.0208735985256484,0.6512680033062445,0.1822494946882423,0.8171073789103247
"PESO_2.0, QTDFILMORT_0.0","PARTO_2.0, RACACOR_4.0, APGAR5_3.0",0.6603317903453034,0.962296224950404,0.6399722549667922,0.969167718901032,1.0071407262882923,1.0,0.004537465902765,1.2228668689342623,0.0208735985256484,0.6512680033062445,0.1822494946882423,0.8171073789103247
"CONSULTAS_4.0, PARTO_2.0","RACACOR_4.0, APGAR5_3.0",0.7248677438831546,0.962296224950404,0.7023806101032173,0.9689776045772536,1.0069431630859758,1.0,0.0048431165761413,1.2153727826559324,0.0250617214947645,0.7132336303984467,0.1772071793357772,0.8494391117109761
CONSULTAS_4.0,"RACACOR_4.0, APGAR5_3.0",0.7248677438831546,0.962296224950404,0.7023806101032173,0.9689776045772536,1.0069431630859758,1.0,0.0048431165761413,1.2153727826559324,0.0250617214947645,0.7132336303984467,0.1772071793357772,0.8494391117109761
"CODOCUPMAE_1.0, PARTO_2.0, MESPRENAT_1.0","RACACOR_4.0, APGAR5_3.0",0.6369102383485237,0.962296224950404,0.6154258071935828,0.9662677252439072,1.004127107839073,1.0,0.0025294891985363,1.1177359167805871,0.0113199138676853,0.6255721774709115,0.1053342878340187,0.8029032804149525
"CODOCUPMAE_1.0, MESPRENAT_1.0","PARTO_2.0, RACACOR_4.0, APGAR5_3.0",0.6369102383485237,0.962296224950404,0.6154258071935828,0.9662677252439072,1.004127107839073,1.0,0.0025294891985363,1.1177359167805871,0.0113199138676853,0.6255721774709115,0.1053342878340187,0.8029032804149525
"PARTO_2.0, QTDFILMORT_0.0, MESPRENAT_1.0","RACACOR_4.0, APGAR5_3.0",0.6332911647163681,0.962296224950404,0.6112209252177914,0.9651499330352076,1.002965519359645,1.0,0.0018072281167857,1.0818852970264494,0.0080629392385824,0.6209282287566904,0.0756875957659378,0.8001595674804172
"QTDFILMORT_0.0, MESPRENAT_1.0","PARTO_2.0, RACACOR_4.0, APGAR5_3.0",0.6332911647163681,0.962296224950404,0.6112209252177914,0.9651499330352076,1.002965519359645,1.0,0.0018072281167857,1.0818852970264494,0.0080629392385824,0.6209282287566904,0.0756875957659378,0.8001595674804172
"CODOCUPMAE_1.0, PARTO_2.0","RACACOR_4.0, APGAR5_3.0",0.7741187717431931,0.962296224950404,0.746779851068112,0.9646838163948432,1.0024811397805933,1.0,0.0018482793563937,1.0676061567448212,0.0109570812117121,0.7546011824348863,0.0633249970672287,0.8703616425087561
CODOCUPMAE_1.0,"RACACOR_4.0, PARTO_2.0, APGAR5_3.0",0.7741187717431931,0.962296224950404,0.746779851068112,0.9646838163948432,1.0024811397805933,1.0,0.0018482793563937,1.0676061567448212,0.0109570812117121,0.7546011824348863,0.0633249970672287,0.8703616425087561
"PARTO_2.0, MESPRENAT_1.0","RACACOR_4.0, APGAR5_3.0",0.8118369224576637,0.962296224950404,0.7830855927086627,0.9645848458555416,1.0023782914717922,1.0,0.0018579869522991,1.0646226441879143,0.0126095334578894,0.7901594519812732,0.0607000466697832,0.8891762765711861
"PARTO_2.0, QTDFILMORT_0.0","RACACOR_4.0, APGAR5_3.0",0.7829705873896667,0.962296224950404,0.7538131451079613,0.9627604883870376,1.0004824537648556,1.0,0.0003635046156845,1.0124669582528047,0.0022219159590535,0.7603110160582883,0.012313447022823,0.8730544114421808
QTDFILMORT_0.0,"RACACOR_4.0, APGAR5_3.0",0.7829705873896667,0.962296224950404,0.7538131451079613,0.9627604883870376,1.0004824537648556,1.0,0.0003635046156845,1.0124669582528047,0.0022219159590535,0.7603110160582883,0.012313447022823,0.8730544114421808
PARTO_2.0,"RACACOR_4.0, APGAR5_3.0",1.0,0.962296224950404,0.962296224950404,0.962296224950404,1.0,1.0,0.0,1.0,0.0,0.962296224950404,0.0,0.981148112475202
"PARTO_2.0, ESTCIVMAE_1.0","RACACOR_4.0, APGAR5_3.0",0.700418331847848,0.962296224950404,0.6726301716454386,0.9603263379342192,0.9979529307451184,1.0,-0.0013797449778047,0.9503477391898292,-0.0068005449506737,0.6793665082816374,-0.052246413352337,0.829655432474693
ESTCIVMAE_1.0,"RACACOR_4.0, PARTO_2.0, APGAR5_3.0",0.700418331847848,0.962296224950404,0.6726301716454386,0.9603263379342192,0.9979529307451184,1.0,-0.0013797449778047,0.9503477391898292,-0.0068005449506737,0.6793665082816374,-0.052246413352337,0.829655432474693
"PESO_2.0, APGAR5_3.0, MESPRENAT_1.0","GESTACAO_3.0, PARTO_2.0",0.672281561772232,0.8454903539288692,0.6077276386532877,0.903977846798638,1.069175825126787,1.0,0.0393200630506304,1.609104158986294,0.1974259975576889,0.6678000774036601,0.3785361908268377,0.8113825201619945
"RACACOR_4.0, PESO_2.0, MESPRENAT_1.0","GESTACAO_3.0, PARTO_2.0",0.6714909002041345,0.8454903539288692,0.606372732238866,0.9030244967646286,1.068048254564238,1.0,0.0386336533652573,1.593285323780347,0.1939450551650534,0.6658983719782929,0.3723660256737156,0.8101045903417117
"PESO_2.0, PARTO_2.0, MESPRENAT_1.0",GESTACAO_3.0,0.6817802823380581,0.8454903539288692,0.615375492366522,0.9026008940243748,1.0675472402850268,1.0,0.0389368401507929,1.586355896426792,0.1988352693246005,0.6748314172772167,0.3696244315336407,0.8152167764575576
"PARTO_2.0, RACACOR_4.0, PESO_2.0, APGAR5_3.0",GESTACAO_3.0,0.8123256950633967,0.8454903539288692,0.7315021132227365,0.9005034774452721,1.0650665300446835,1.0,0.0446885737980705,1.5529150376702172,0.3255188132325574,0.7896913616171022,0.3560497672169727,0.88284219337629
